[
  {
    "inputs": [],
    "name": "ConnectorShouldBeNone",
    "type": "error"
  },
  {
    "inputs": [],
    "name": "PoolNotFound",
    "type": "error"
  },
  {
    "inputs": [],
    "name": "PoolWithConnectorNotFound",
    "type": "error"
  },
  {
    "inputs": [
      {
        "internalType": "contract IERC20",
        "name": "srcToken",
        "type": "address"
      },
      {
        "internalType": "contract IERC20",
        "name": "dstToken",
        "type": "address"
      }
    ],
    "name": "getRate",
    "outputs": [
      {
        "internalType": "uint256",
        "name": "rate",
        "type": "uint256"
      },
      {
        "internalType": "uint256",
        "name": "weight",
        "type": "uint256"
      }
    ],
    "stateMutability": "view",
    "type": "function"
  }
]