[
  {
    "inputs": [
      {
        "internalType": "string",
        "name": "aggregatorId",
        "type": "string"
      }
    ],
    "name": "adapterFee",
    "outputs": [
      {
        "internalType": "uint8",
        "name": "fee",
        "type": "uint8"
      }
    ],
    "stateMutability": "view",
    "type": "function"
  },
  {
    "inputs": [
      {
        "internalType": "string",
        "name": "",
        "type": "string"
      }
    ],
    "name": "adapterRemoved",
    "outputs": [
      {
        "internalType": "bool",
        "name": "",
        "type": "bool"
      }
    ],
    "stateMutability": "view",
    "type": "function"
  },
  {
    "inputs": [
      {
        "internalType": "string",
        "name": "",
        "type": "string"
      }
    ],
    "name": "adapters",
    "outputs": [
      {
        "internalType": "address",
        "name": "",
        "type": "address"
      }
    ],
    "stateMutability": "view",
    "type": "function"
  },
  {
    "inputs": [
      {
        "internalType": "string",
        "name": "aggregatorId",
        "type": "string"
      },
      {
        "internalType": "contract IERC20",
        "name": "tokenFrom",
        "type": "address"
      },
      {
        "internalType": "contract IERC20",
        "name": "tokenTo",
        "type": "address"
      },
      {
        "internalType": "uint256",
        "name": "amountFrom",
        "type": "uint256"
      },
      {
        "internalType": "uint256",
        "name": "amountTo",
        "type": "uint256"
      },
      {
        "internalType": "uint256",
        "name": "deadline",
        "type": "uint256"
      },
      {
        "internalType": "bool",
        "name": "feeOnTransfer",
        "type": "bool"
      }
    ],
    "name": "swap",
    "outputs": [],
    "stateMutability": "payable",
    "type": "function"
  }
]